INSERT INTO citizenship (official_name, id) VALUES
('Afghanistan','AF'),
('Åland Islands','AX'),
('Albania','AL'),
('Algeria','DZ'),
('American Samoa','AS'),
('Andorra','AD'),
('Angola','AO'),
('Anguilla','AI'),
('Antarctica','AQ'),
('Antigua and Barbuda','AG'),
('Argentina','AR'),
('Armenia','AM'),
('Aruba','AW'),
('Australia','AU'),
('Austria','AT'),
('Azerbaijan','AZ'),
('Bahamas','BS'),
('Bahrain','BH'),
('Bangladesh','BD'),
('Barbados','BB'),
('Belarus','BY'),
('Belgium','BE'),
('Belize','BZ'),
('Benin','BJ'),
('Bermuda','BM'),
('Bhutan','BT'),
('Bolivia (Plurinational State of)','BO'),
('Bonaire, Sint Eustatius and Saba','BQ'),
('Bosnia and Herzegovina','BA'),
('Botswana','BW'),
('Bouvet Island','BV'),
('Brazil','BR'),
('British Indian Ocean Territory','IO'),
('Brunei Darussalam','BN'),
('Bulgaria','BG'),
('Burkina Faso','BF'),
('Burundi','BI'),
('Cabo Verde','CV'),
('Cambodia','KH'),
('Cameroon','CM'),
('Canada','CA'),
('Cayman Islands','KY'),
('Central African Republic','CF'),
('Chad','TD'),
('Chile','CL'),
('China','CN'),
('Christmas Island','CX'),
('Cocos (Keeling) Islands','CC'),
('Colombia','CO'),
('Comoros','KM'),
('Congo','CG'),
('Congo, Democratic Republic of the','CD'),
('Cook Islands','CK'),
('Costa Rica','CR'),
('Côte d''Ivoire','CI'),
('Croatia','HR'),
('Cuba','CU'),
('Curaçao','CW'),
('Cyprus','CY'),
('Czechia','CZ'),
('Denmark','DK'),
('Djibouti','DJ'),
('Dominica','DM'),
('Dominican Republic','DO'),
('Ecuador','EC'),
('Egypt','EG'),
('El Salvador','SV'),
('Equatorial Guinea','GQ'),
('Eritrea','ER'),
('Estonia','EE'),
('Eswatini','SZ'),
('Ethiopia','ET'),
('Falkland Islands (Malvinas)','FK'),
('Faroe Islands','FO'),
('Fiji','FJ'),
('Finland','FI'),
('France','FR'),
('French Guiana','GF'),
('French Polynesia','PF'),
('French Southern Territories','TF'),
('Gabon','GA'),
('Gambia','GM'),
('Georgia','GE'),
('Germany','DE'),
('Ghana','GH'),
('Gibraltar','GI'),
('Greece','GR'),
('Greenland','GL'),
('Grenada','GD'),
('Guadeloupe','GP'),
('Guam','GU'),
('Guatemala','GT'),
('Guernsey','GG'),
('Guinea','GN'),
('Guinea-Bissau','GW'),
('Guyana','GY'),
('Haiti','HT'),
('Heard Island and McDonald Islands','HM'),
('Holy See','VA'),
('Honduras','HN'),
('Hong Kong','HK'),
('Hungary','HU'),
('Iceland','IS'),
('India','IN'),
('Indonesia','ID'),
('Iran (Islamic Republic of)','IR'),
('Iraq','IQ'),
('Ireland','IE'),
('Isle of Man','IM'),
('Israel','IL'),
('Italy','IT'),
('Jamaica','JM'),
('Japan','JP'),
('Jersey','JE'),
('Jordan','JO'),
('Kazakhstan','KZ'),
('Kenya','KE'),
('Kiribati','KI'),
('Korea (Democratic People''s Republic of)','KP'),
('Korea, Republic of','KR'),
('Kuwait','KW'),
('Kyrgyzstan','KG'),
('Lao People''s Democratic Republic','LA'),
('Latvia','LV'),
('Lebanon','LB'),
('Lesotho','LS'),
('Liberia','LR'),
('Libya','LY'),
('Liechtenstein','LI'),
('Lithuania','LT'),
('Luxembourg','LU'),
('Macao','MO'),
('Madagascar','MG'),
('Malawi','MW'),
('Malaysia','MY'),
('Maldives','MV'),
('Mali','ML'),
('Malta','MT'),
('Marshall Islands','MH'),
('Martinique','MQ'),
('Mauritania','MR'),
('Mauritius','MU'),
('Mayotte','YT'),
('Mexico','MX'),
('Micronesia (Federated States of)','FM'),
('Moldova, Republic of','MD'),
('Monaco','MC'),
('Mongolia','MN'),
('Montenegro','ME'),
('Montserrat','MS'),
('Morocco','MA'),
('Mozambique','MZ'),
('Myanmar','MM'),
('Namibia','NA'),
('Nauru','NR'),
('Nepal','NP'),
('Netherlands','NL'),
('New Caledonia','NC'),
('New Zealand','NZ'),
('Nicaragua','NI'),
('Niger','NE'),
('Nigeria','NG'),
('Niue','NU'),
('Norfolk Island','NF'),
('North Macedonia','MK'),
('Northern Mariana Islands','MP'),
('Norway','NO'),
('Oman','OM'),
('Pakistan','PK'),
('Palau','PW'),
('Palestine, State of','PS'),
('Panama','PA'),
('Papua New Guinea','PG'),
('Paraguay','PY'),
('Peru','PE'),
('Philippines','PH'),
('Pitcairn','PN'),
('Poland','PL'),
('Portugal','PT'),
('Puerto Rico','PR'),
('Qatar','QA'),
('Réunion','RE'),
('Romania','RO'),
('Russian Federation','RU'),
('Rwanda','RW'),
('Saint Barthélemy','BL'),
('Saint Helena, Ascension and Tristan da Cunha','SH'),
('Saint Kitts and Nevis','KN'),
('Saint Lucia','LC'),
('Saint Martin (French part)','MF'),
('Saint Pierre and Miquelon','PM'),
('Saint Vincent and the Grenadines','VC'),
('Samoa','WS'),
('San Marino','SM'),
('Sao Tome and Principe','ST'),
('Saudi Arabia','SA'),
('Senegal','SN'),
('Serbia','RS'),
('Seychelles','SC'),
('Sierra Leone','SL'),
('Singapore','SG'),
('Sint Maarten (Dutch part)','SX'),
('Slovakia','SK'),
('Slovenia','SI'),
('Solomon Islands','SB'),
('Somalia','SO'),
('South Africa','ZA'),
('South Georgia and the South Sandwich Islands','GS'),
('South Sudan','SS'),
('Spain','ES'),
('Sri Lanka','LK'),
('Sudan','SD'),
('Suriname','SR'),
('Svalbard and Jan Mayen','SJ'),
('Sweden','SE'),
('Switzerland','CH'),
('Syrian Arab Republic','SY'),
('Taiwan, Province of China','TW'),
('Tajikistan','TJ'),
('Tanzania, United Republic of','TZ'),
('Thailand','TH'),
('Timor-Leste','TL'),
('Togo','TG'),
('Tokelau','TK'),
('Tonga','TO'),
('Trinidad and Tobago','TT'),
('Tunisia','TN'),
('Turkey','TR'),
('Turkmenistan','TM'),
('Turks and Caicos Islands','TC'),
('Tuvalu','TV'),
('Uganda','UG'),
('Ukraine','UA'),
('United Arab Emirates','AE'),
('United Kingdom of Great Britain and Northern Ireland','GB'),
('United States of America','US'),
('United States Minor Outlying Islands','UM'),
('Uruguay','UY'),
('Uzbekistan','UZ'),
('Vanuatu','VU'),
('Venezuela (Bolivarian Republic of)','VE'),
('Viet Nam','VN'),
('Virgin Islands (British)','VG'),
('Virgin Islands (U.S.)','VI'),
('Wallis and Futuna','WF'),
('Western Sahara','EH'),
('Yemen','YE'),
('Zambia','ZM'),
('Zimbabwe','ZW');

INSERT INTO individual (document_number, first_name, middle_name, last_name, date_of_birth, registration_address, citizenship_id) VALUES 
('216-46-1264', 'Justin', 'A.', 'Toth', '1954-03-2', '2069 Cambridge Place. Salisbury, MD 21875', 'US'),
('AMONG-US12', 'Júlía ', NULL, 'Ingveldardóttir', '1956-02-23', 'De Romanul street, 12, Polaza', 'NZ'),
('941-01-5605', 'Among-Us', 'Czarnecka', 'Tekla', '2002-02-15', '12-45CA Fyodr Syslov Street', 'PL'),
('977-81-0660', 'Katotoka', 'Jojo', 'Jeep', '1999-02-24', 'Püntstrasse 22, 8588 Zihlschlacht-Sitterdorf', 'CH'),
('445-61-4775', 'Jonna', 'J.', 'Parker', '1945-04-22', '8779 Windsor St. Fuquay Varina, NC 27526', 'US'),
('934-57-9709', 'James', 'D.', 'George', '1961-03-30', '4742 Bellevue Avenue, Louisville KY 40215', 'US'),
('146-84-0627', 'David', 'B.', 'Rosa', '1991-09-03', '4216 Winter Lake Drive, Louisville KY 40272', 'US'),
('413-51-1594', 'Ann', 'J.', 'Solis', '1985-06-14', '107 West Canton Circle, Springfield MA 01104', 'US'),
('537-22-5929', 'Judy', 'D.', 'Hammond', '1990-03-19', '55 Armory Street, Quincy MA 02169', 'US'),
('MP1234567', 'Andrej', 'Viktaravič', 'Hurynovič', '2002-02-14', '220088, Minsk, street', 'BY');

INSERT INTO entity (PRN, official_name, registration_address) VALUES
('691700191','Таварыства з абмежаванай адказнасцю "САС Індастрыял"','г.Минск, улица Козлова, 21'),
('100950138','Редакция юмористического журнала "Прикол"','г.Минск, улица Приколистов, 419'),
('100390875','Общество с ограниченной ответственностью "ЭМОНГ"','Брестская область, г.Брест, бульвар Космонавтов, 34-1Н'),
('691887604','Таварыства з абмежаванай адказнасцю "АС-Керамікс"','Брестская область, г.Лида, улица Шушкевича, 69-34'),
('100361649','Внешнеэкономическое акционерное общество "Беларусь"','г.Минск,ул.Долгобродская,29'),
('490635484','Общество с ограниченной ответственностью "Устал"','г.Минск,пр.Партизанский,19А,пом.2Н(ком.1)'),
('190649362','Частное учреждение образования "Средняя школа "Альтасфера"','г.Минск,ул. Маяковского, д.129А, каб. 105'),
('193387390','Общество с ограниченной ответственностью "Прог-дом"','г.Минск,ул. Кальварийская, д.33, корп.11, пом. 3'),
('191296077','Иностранное общество с ограниченной ответственностью "Майкрософт Софтвер Бел"','г.Минск,пр-т Победителей, д.106, оф. 34'),
('390402520','Государственное учреждение образования "Средняя школа № 1 г.Сенно имени З.И. Азгура"','Витебская обл.,г.Сенно,ул. Октябрьская, д.82а');

INSERT INTO account (IBAN, opening_date, currency_code, balance, individual_document_number, entity_PRN) VALUES
('BY34AMNG1011104US20100190001','2021-01-01','BYN', 99.999,'AMONG-US12',NULL),
('BY34AMNG1011104US20090190001','2021-01-03','BYN', 565656.3,'941-01-5605',NULL),
('BY34AMNG1011104US20080190001','2021-12-31','USD', 0.0,'977-81-0660',NULL),
('BY34AMNG1011104US20070190001','2021-03-24','BYN', 1645.3,'445-61-4775',NULL),
('BY34AMNG1011104US20060190001','2021-02-07','EUR', 1.34,'934-57-9709',NULL),
('BY34AMNG1011104US20110190001','2020-08-09','BYN', 65.34,'216-46-1264',NULL),
('BY34AMNG1011104US20050190001','2021-09-23','BYN', 4444444.4,'146-84-0627',NULL),
('BY34AMNG1011104US20040190001','2021-08-08','BYN', 9.5,'413-51-1594',NULL),
('BY34AMNG1011104US20030190001','2021-02-12','EUR', 12.3,'537-22-5929',NULL),
('BY34AMNG1011104US20020190001','2021-06-09','BYN', 999999.0,'MP1234567',NULL),
('BY34AMNG1011204US10110190001','2020-02-14','BYN', 65.34,NULL,'691700191'),
('BY34AMNG1011204US10100190001','2021-01-01','BYN', 99.999,NULL,'100950138'),
('BY34AMNG1011204US10090190001','2021-01-03','BYN', 565656.3,NULL,'100390875'),
('BY34AMNG1011204US10080190001','2021-12-31','USD', 0.0,NULL,'691887604'),
('BY34AMNG1011204US10070190001','2021-03-24','BYN', 1645.3,NULL,'100361649'),
('BY34AMNG1011204US10060190001','2021-02-07','EUR', 1.34,NULL,'490635484'),
('BY34AMNG1011204US10050190001','2021-09-23','BYN', 4444444.4,NULL,'190649362'),
('BY34AMNG1011204US10040190001','2021-08-08','BYN', 9.5,NULL,'193387390'),
('BY34AMNG1011204US10030190001','2021-02-12','EUR', 12.3,NULL,'191296077'),
('BY34AMNG1011204US10020190001','2021-06-09','BYN', 999999.0,NULL,'390402520');

INSERT INTO card (card_number, CVV, expiration_date, payment_system,service_class) VALUES
('4485477266271390','212','2028-01-01','VISA','Standart'),
('4532311642576573','323','2028-01-01','MasterCard','Gold'),
('4532470294988286','544','2028-12-01','VISA','Silver'),
('4485931003026632','767','2028-03-01','Белкарт','Platinum'),
('4556073579124428','453','2021-02-01','VISA','Standart'),
('4716899615629021','567','2027-08-01','VISA','Ultra'),
('4485371370304942','976','2028-09-01','Белкарт','Bronze'),
('4024007166727312','546','2028-02-01','MasterCard','Standart'),
('5345342356643345','236','2029-06-01','VISA','Gold'),
('4556941777057592','233','2028-06-01','VISA','Bronze');

INSERT INTO account_card (account_IBAN, card_number) VALUES
('BY34AMNG1011104US20100190001','4485477266271390'),
('BY34AMNG1011104US20090190001','4532311642576573'),
('BY34AMNG1011104US20080190001','4532470294988286'),
('BY34AMNG1011104US20070190001','4485931003026632'),
('BY34AMNG1011104US20060190001','4556073579124428'),
('BY34AMNG1011104US20110190001','4716899615629021'),
('BY34AMNG1011104US20050190001','4485371370304942'),
('BY34AMNG1011104US20030190001','4024007166727312'),
('BY34AMNG1011104US20030190001','5345342356643345');

INSERT INTO transaction_type (transaction_type_name) VALUES
('cash_in'), -- 1
('cash_out'), -- 2
('payment'), -- 3
('refund'), -- 4
('transfer'); -- 5

INSERT INTO bank_limit (limit_start_date, limit_end_date, non_cash_amount, non_cash_count, maximal_non_cash_amount, maximal_non_cash_count, account_IBAN) VALUES 
('2021-01-01', '2023-01-01', 0.0,0, 99999999.9,999, 'BY34AMNG1011104US20100190001'),
('2023-12-16', '2024-01-01', 12.3,1, 999.9,15, 'BY34AMNG1011104US20100190001'),
('2023-12-16', '2024-01-01', 34.3,4, 854.3,32, 'BY34AMNG1011104US20090190001'),
('2021-01-12', '2023-01-12', 0.0,0, 242.9,231, 'BY34AMNG1011204US10040190001'),
('2022-12-17', '2024-01-01', 12.3,1, 33.9,42, 'BY34AMNG1011204US10060190001'),
('2024-01-11', '2024-01-13', 0.0,0, 21.3,32, 'BY34AMNG1011204US10110190001');

INSERT INTO bank_limit (limit_start_date, limit_end_date, cash_amount, cash_count, maximal_cash_amount, maximal_cash_count, card_number) VALUES 
('2021-01-01', '2023-01-01', 0.0,0, 99999999.9,999, '4532781968544548'),
('2023-12-16', '2024-01-01', 12.3,1, 12.5,15, '4024007166727312'),
('2023-12-16', '2024-01-01', 34.3,4, 14.5,32, '4556941777057592'),
('2021-01-01', '2023-01-01', 11231.32,99, 99999999.9,999, '4716899615629021'),
('2023-12-16', '2024-01-01', 1123.3,1, 13232.5,15, '4556073579124428'),
('2023-12-16', '2024-01-01', 34.3,4, 14.5,32, '4532311642576573');

INSERT INTO transaction (transaction_type_code, transaction_date, recipients_account, amount, currency_code, card_number) VALUES
(1, '2022-12-01 1:00','GB34TIME1011104US20112390001', 134.32, 'USD', '4532311642576573'),
(2, '2022-12-01 23:59:32','GB34TIME1011104US20112390001', 134.32, 'USD', '4532311642576573'),
(2, '2022-12-02 2:00:23','GB34TIME1011104US20044390001', 432.65, 'GBP', '4485931003026632'),
(3, '2022-12-03 3:00','GB34TIME1011204DS13200190001', 123.43, 'USD', '4556073579124428'),
(2, '2022-12-04 4:00:34','GB34TIME1011204US23080190001', 34.34, 'GBP', '4716899615629021'),
(3, '2022-12-05 5:00','GB34TIME1011204US10060190001', 55.25, 'GBP', '4485371370304942'),
(4, '2022-12-05 5:01','GB34TIME1011204US10060190001', 55.25, 'GBP', '4485371370304942'),
(1, '2022-12-06 6:00:43','GB34TIME1011204US10020190001', 52.25, 'BYN', '4556941777057592');

INSERT INTO transaction (transaction_type_code, transaction_date, recipients_account, amount, currency_code, account_iban) VALUES
(5, '2022-12-01 13:00','BY34AMAG1011104US20112390001', 13456.11, 'BYN', 'BY34AMNG1011104US20100190001'),
(1, '2022-12-01 14:00:12','BY34AMAG1011104US20112390001', 42.33, 'BYN', 'BY34AMNG1011104US20100190001'),
(3, '2022-12-02 15:00','BY34AMNA1011104US20044390001', 53453.23, 'BYN', 'BY34AMNG1011104US20090190001'),
(5, '2022-12-03 16:00','BY34AANG1011204DS13200190001', 123.99, 'USD', 'BY34AMNG1011104US20080190001'),
(2, '2022-12-04 17:00','BY34AMAG1011204US23080190001', 423.11, 'BYN', 'BY34AMNG1011104US20070190001'),
(5, '2022-12-05 18:00:43','BY34AMNA1011204US10060190001', 9976.23, 'EUR', 'BY34AMNG1011104US20060190001'),
(1, '2022-12-06 19:00','BY34AANG1011204US10020190001', 123.54, 'BYN', 'BY34AMNG1011104US20110190001');
